{
  "metadata": {
    "stack_size": 3,
    "posted_pot_p1": 0.5,
    "posted_pot_p2": 1.0,
    "num_iterations": 10000000,
    "num_cards": 1,
    "num_cards_per_rank": 1
  },
  "player_1_expected_value": 0.08683452058349621,
  "player_2_expected_value": -0.08683452058349621,
  "player_1_preflop": {
    "2_rr": {
      "ALL_IN": 1.0,
      "FOLD": 0.0
    },
    "3_rr": {
      "ALL_IN": 1.0,
      "FOLD": 0.0
    },
    "4_rr": {
      "ALL_IN": 1.0,
      "FOLD": 0.0
    },
    "5_rr": {
      "ALL_IN": 1.0,
      "FOLD": 0.0
    },
    "6_rr": {
      "ALL_IN": 1.0,
      "FOLD": 0.0
    },
    "7_rr": {
      "ALL_IN": 0.6853044412405769,
      "FOLD": 0.3146955587594232
    },
    "8_rr": {
      "ALL_IN": 0.6800718789215934,
      "FOLD": 0.3199281210784066
    },
    "9_rr": {
      "ALL_IN": 0.7303083926397437,
      "FOLD": 0.26969160736025644
    },
    "J_rr": {
      "ALL_IN": 0.5522611134623066,
      "FOLD": 0.44773888653769334
    },
    "Q_rr": {
      "ALL_IN": 0.5811921777818793,
      "FOLD": 0.41880782221812074
    },
    "K_rr": {
      "ALL_IN": 0.5930382065569783,
      "FOLD": 0.40696179344302175
    },
    "A_rr": {
      "ALL_IN": 0.7920040392029295,
      "FOLD": 0.20799596079707047
    }
  },
  "player_1_postflop": {
    "2_rraa0": {
      "DRAW_0": 1.0,
      "DRAW_1": 0.0
    },
    "2_rraa1": {
      "DRAW_0": 1.0,
      "DRAW_1": 0.0
    },
    "3_rraa0": {
      "DRAW_0": 1.0,
      "DRAW_1": 0.0
    },
    "3_rraa1": {
      "DRAW_0": 1.0,
      "DRAW_1": 0.0
    },
    "4_rraa0": {
      "DRAW_0": 1.0,
      "DRAW_1": 0.0
    },
    "4_rraa1": {
      "DRAW_0": 1.0,
      "DRAW_1": 0.0
    },
    "5_rraa0": {
      "DRAW_0": 0.8583714073905754,
      "DRAW_1": 0.1416285926094247
    },
    "5_rraa1": {
      "DRAW_0": 1.0,
      "DRAW_1": 0.0
    },
    "6_rraa0": {
      "DRAW_0": 0.0,
      "DRAW_1": 1.0
    },
    "6_rraa1": {
      "DRAW_0": 1.0,
      "DRAW_1": 0.0
    },
    "7_rraa0": {
      "DRAW_0": 0.0,
      "DRAW_1": 1.0
    },
    "7_rraa1": {
      "DRAW_0": 0.815551761766487,
      "DRAW_1": 0.18444823823351303
    },
    "8_rraa0": {
      "DRAW_0": 0.0,
      "DRAW_1": 1.0
    },
    "8_rraa1": {
      "DRAW_0": 0.0,
      "DRAW_1": 1.0
    },
    "9_rraa0": {
      "DRAW_0": 0.0,
      "DRAW_1": 1.0
    },
    "9_rraa1": {
      "DRAW_0": 0.0,
      "DRAW_1": 1.0
    },
    "J_rraa0": {
      "DRAW_0": 0.0,
      "DRAW_1": 1.0
    },
    "J_rraa1": {
      "DRAW_0": 0.0,
      "DRAW_1": 1.0
    },
    "Q_rraa0": {
      "DRAW_0": 0.0,
      "DRAW_1": 1.0
    },
    "Q_rraa1": {
      "DRAW_0": 0.0,
      "DRAW_1": 1.0
    },
    "K_rraa0": {
      "DRAW_0": 0.0,
      "DRAW_1": 1.0
    },
    "K_rraa1": {
      "DRAW_0": 0.0,
      "DRAW_1": 1.0
    },
    "A_rraa0": {
      "DRAW_0": 0.0,
      "DRAW_1": 1.0
    },
    "A_rraa1": {
      "DRAW_0": 0.0,
      "DRAW_1": 1.0
    }
  },
  "player_2_preflop": {
    "2_rra": {
      "ALL_IN": 1.0,
      "FOLD": 0.0
    },
    "3_rra": {
      "ALL_IN": 1.0,
      "FOLD": 0.0
    },
    "4_rra": {
      "ALL_IN": 1.0,
      "FOLD": 0.0
    },
    "5_rra": {
      "ALL_IN": 1.0,
      "FOLD": 0.0
    },
    "6_rra": {
      "ALL_IN": 0.4988861006178297,
      "FOLD": 0.5011138993821703
    },
    "7_rra": {
      "ALL_IN": 0.4577405707987506,
      "FOLD": 0.5422594292012494
    },
    "8_rra": {
      "ALL_IN": 0.5517857823517934,
      "FOLD": 0.4482142176482064
    },
    "9_rra": {
      "ALL_IN": 0.5727342793610987,
      "FOLD": 0.4272657206389014
    },
    "J_rra": {
      "ALL_IN": 0.5491610502510254,
      "FOLD": 0.45083894974897454
    },
    "Q_rra": {
      "ALL_IN": 0.5500264021814039,
      "FOLD": 0.44997359781859625
    },
    "K_rra": {
      "ALL_IN": 0.5910451151124025,
      "FOLD": 0.40895488488759746
    },
    "A_rra": {
      "ALL_IN": 0.6301041630969758,
      "FOLD": 0.36989583690302413
    }
  },
  "player_2_postflop": {
    "2_rraa": {
      "DRAW_0": 1.0,
      "DRAW_1": 0.0
    },
    "3_rraa": {
      "DRAW_0": 1.0,
      "DRAW_1": 0.0
    },
    "4_rraa": {
      "DRAW_0": 1.0,
      "DRAW_1": 0.0
    },
    "5_rraa": {
      "DRAW_0": 1.0,
      "DRAW_1": 0.0
    },
    "6_rraa": {
      "DRAW_0": 0.8519844898143459,
      "DRAW_1": 0.14801551018565406
    },
    "7_rraa": {
      "DRAW_0": 0.0,
      "DRAW_1": 1.0
    },
    "8_rraa": {
      "DRAW_0": 0.0,
      "DRAW_1": 1.0
    },
    "9_rraa": {
      "DRAW_0": 0.0,
      "DRAW_1": 1.0
    },
    "J_rraa": {
      "DRAW_0": 0.0,
      "DRAW_1": 1.0
    },
    "Q_rraa": {
      "DRAW_0": 0.0,
      "DRAW_1": 1.0
    },
    "K_rraa": {
      "DRAW_0": 0.0,
      "DRAW_1": 1.0
    },
    "A_rraa": {
      "DRAW_0": 0.0,
      "DRAW_1": 1.0
    }
  }
}