{
  "metadata": {
    "stack_size": 3,
    "posted_pot_p1": 0.5,
    "posted_pot_p2": 1.0,
    "num_iterations": 1000000,
    "num_cards": 1,
    "num_cards_per_rank": 1
  },
  "player_1_expected_value": 0.08590890515877085,
  "player_2_expected_value": -0.08590890515877085,
  "player_1_preflop": {
    "2_rr": {
      "ALL_IN": 1.0,
      "FOLD": 0.0
    },
    "3_rr": {
      "ALL_IN": 1.0,
      "FOLD": 0.0
    },
    "4_rr": {
      "ALL_IN": 1.0,
      "FOLD": 0.0
    },
    "5_rr": {
      "ALL_IN": 1.0,
      "FOLD": 0.0
    },
    "6_rr": {
      "ALL_IN": 1.0,
      "FOLD": 0.0
    },
    "7_rr": {
      "ALL_IN": 0.6773425882863803,
      "FOLD": 0.32265741171361983
    },
    "8_rr": {
      "ALL_IN": 0.628742334472668,
      "FOLD": 0.371257665527332
    },
    "9_rr": {
      "ALL_IN": 0.6123259900382554,
      "FOLD": 0.3876740099617447
    },
    "J_rr": {
      "ALL_IN": 0.9191399035044744,
      "FOLD": 0.08086009649552546
    },
    "Q_rr": {
      "ALL_IN": 0.5905937825359399,
      "FOLD": 0.4094062174640602
    },
    "K_rr": {
      "ALL_IN": 0.7004213494017714,
      "FOLD": 0.2995786505982286
    },
    "A_rr": {
      "ALL_IN": 0.5923630504872791,
      "FOLD": 0.4076369495127209
    }
  },
  "player_1_postflop": {
    "2_rraa0": {
      "DRAW_0": 1.0,
      "DRAW_1": 0.0
    },
    "2_rraa1": {
      "DRAW_0": 1.0,
      "DRAW_1": 0.0
    },
    "3_rraa0": {
      "DRAW_0": 1.0,
      "DRAW_1": 0.0
    },
    "3_rraa1": {
      "DRAW_0": 1.0,
      "DRAW_1": 0.0
    },
    "4_rraa0": {
      "DRAW_0": 1.0,
      "DRAW_1": 0.0
    },
    "4_rraa1": {
      "DRAW_0": 1.0,
      "DRAW_1": 0.0
    },
    "5_rraa0": {
      "DRAW_0": 0.9043383795869008,
      "DRAW_1": 0.09566162041309914
    },
    "5_rraa1": {
      "DRAW_0": 1.0,
      "DRAW_1": 0.0
    },
    "6_rraa0": {
      "DRAW_0": 0.0,
      "DRAW_1": 1.0
    },
    "6_rraa1": {
      "DRAW_0": 1.0,
      "DRAW_1": 0.0
    },
    "7_rraa0": {
      "DRAW_0": 0.0,
      "DRAW_1": 1.0
    },
    "7_rraa1": {
      "DRAW_0": 0.6622584731849004,
      "DRAW_1": 0.3377415268150995
    },
    "8_rraa0": {
      "DRAW_0": 0.0,
      "DRAW_1": 1.0
    },
    "8_rraa1": {
      "DRAW_0": 0.0,
      "DRAW_1": 1.0
    },
    "9_rraa0": {
      "DRAW_0": 0.0,
      "DRAW_1": 1.0
    },
    "9_rraa1": {
      "DRAW_0": 0.0,
      "DRAW_1": 1.0
    },
    "J_rraa0": {
      "DRAW_0": 0.0,
      "DRAW_1": 1.0
    },
    "J_rraa1": {
      "DRAW_0": 0.0,
      "DRAW_1": 1.0
    },
    "Q_rraa0": {
      "DRAW_0": 0.0,
      "DRAW_1": 1.0
    },
    "Q_rraa1": {
      "DRAW_0": 0.0,
      "DRAW_1": 1.0
    },
    "K_rraa0": {
      "DRAW_0": 0.0,
      "DRAW_1": 1.0
    },
    "K_rraa1": {
      "DRAW_0": 0.0,
      "DRAW_1": 1.0
    },
    "A_rraa0": {
      "DRAW_0": 0.0,
      "DRAW_1": 1.0
    },
    "A_rraa1": {
      "DRAW_0": 0.0,
      "DRAW_1": 1.0
    }
  },
  "player_2_preflop": {
    "2_rra": {
      "ALL_IN": 1.0,
      "FOLD": 0.0
    },
    "3_rra": {
      "ALL_IN": 1.0,
      "FOLD": 0.0
    },
    "4_rra": {
      "ALL_IN": 1.0,
      "FOLD": 0.0
    },
    "5_rra": {
      "ALL_IN": 1.0,
      "FOLD": 0.0
    },
    "6_rra": {
      "ALL_IN": 0.586543234107389,
      "FOLD": 0.41345676589261104
    },
    "7_rra": {
      "ALL_IN": 0.7496551267503712,
      "FOLD": 0.2503448732496289
    },
    "8_rra": {
      "ALL_IN": 0.640305464576408,
      "FOLD": 0.35969453542359187
    },
    "9_rra": {
      "ALL_IN": 0.6015865718684467,
      "FOLD": 0.3984134281315534
    },
    "J_rra": {
      "ALL_IN": 0.6412427413928999,
      "FOLD": 0.3587572586071
    },
    "Q_rra": {
      "ALL_IN": 0.2918187686195448,
      "FOLD": 0.7081812313804552
    },
    "K_rra": {
      "ALL_IN": 0.40391743166598304,
      "FOLD": 0.5960825683340171
    },
    "A_rra": {
      "ALL_IN": 0.40904229925734237,
      "FOLD": 0.5909577007426576
    }
  },
  "player_2_postflop": {
    "2_rraa": {
      "DRAW_0": 1.0,
      "DRAW_1": 0.0
    },
    "3_rraa": {
      "DRAW_0": 1.0,
      "DRAW_1": 0.0
    },
    "4_rraa": {
      "DRAW_0": 1.0,
      "DRAW_1": 0.0
    },
    "5_rraa": {
      "DRAW_0": 1.0,
      "DRAW_1": 0.0
    },
    "6_rraa": {
      "DRAW_0": 0.8479244599002511,
      "DRAW_1": 0.15207554009974897
    },
    "7_rraa": {
      "DRAW_0": 0.0,
      "DRAW_1": 1.0
    },
    "8_rraa": {
      "DRAW_0": 0.0,
      "DRAW_1": 1.0
    },
    "9_rraa": {
      "DRAW_0": 0.0,
      "DRAW_1": 1.0
    },
    "J_rraa": {
      "DRAW_0": 0.0,
      "DRAW_1": 1.0
    },
    "Q_rraa": {
      "DRAW_0": 0.0,
      "DRAW_1": 1.0
    },
    "K_rraa": {
      "DRAW_0": 0.0,
      "DRAW_1": 1.0
    },
    "A_rraa": {
      "DRAW_0": 0.0,
      "DRAW_1": 1.0
    }
  }
}