{
  "metadata": {
    "stack_size": 3,
    "posted_pot_p1": 0.5,
    "posted_pot_p2": 1.0,
    "num_iterations": 1000,
    "num_cards": 1,
    "num_cards_per_rank": 1
  },
  "player_1_expected_value": 0.14818019038770297,
  "player_2_expected_value": -0.14818019038770297,
  "player_1_preflop": {
    "2_rr": {
      "ALL_IN": 1.0,
      "FOLD": 0.0
    },
    "3_rr": {
      "ALL_IN": 1.0,
      "FOLD": 0.0
    },
    "4_rr": {
      "ALL_IN": 1.0,
      "FOLD": 0.0
    },
    "5_rr": {
      "ALL_IN": 1.0,
      "FOLD": 0.0
    },
    "6_rr": {
      "ALL_IN": 1.0,
      "FOLD": 0.0
    },
    "7_rr": {
      "ALL_IN": 0.6739478497992687,
      "FOLD": 0.32605215020073114
    },
    "8_rr": {
      "ALL_IN": 0.6746489320225589,
      "FOLD": 0.32535106797744107
    },
    "9_rr": {
      "ALL_IN": 0.6750579638811788,
      "FOLD": 0.3249420361188212
    },
    "J_rr": {
      "ALL_IN": 0.6753508711606434,
      "FOLD": 0.32464912883935665
    },
    "Q_rr": {
      "ALL_IN": 0.6756408235189074,
      "FOLD": 0.3243591764810926
    },
    "K_rr": {
      "ALL_IN": 0.676435781864055,
      "FOLD": 0.3235642181359451
    },
    "A_rr": {
      "ALL_IN": 0.6771949534278208,
      "FOLD": 0.3228050465721793
    }
  },
  "player_1_postflop": {
    "2_rraa0": {
      "DRAW_0": 1.0,
      "DRAW_1": 0.0
    },
    "2_rraa1": {
      "DRAW_0": 1.0,
      "DRAW_1": 0.0
    },
    "3_rraa0": {
      "DRAW_0": 1.0,
      "DRAW_1": 0.0
    },
    "3_rraa1": {
      "DRAW_0": 1.0,
      "DRAW_1": 0.0
    },
    "4_rraa0": {
      "DRAW_0": 1.0,
      "DRAW_1": 0.0
    },
    "4_rraa1": {
      "DRAW_0": 1.0,
      "DRAW_1": 0.0
    },
    "5_rraa0": {
      "DRAW_0": 0.8699507571619696,
      "DRAW_1": 0.13004924283803035
    },
    "5_rraa1": {
      "DRAW_0": 1.0,
      "DRAW_1": 0.0
    },
    "6_rraa0": {
      "DRAW_0": 0.002597619155898295,
      "DRAW_1": 0.9974023808441016
    },
    "6_rraa1": {
      "DRAW_0": 1.0,
      "DRAW_1": 0.0
    },
    "7_rraa0": {
      "DRAW_0": 0.001927387013283327,
      "DRAW_1": 0.9980726129867167
    },
    "7_rraa1": {
      "DRAW_0": 1.0,
      "DRAW_1": 0.0
    },
    "8_rraa0": {
      "DRAW_0": 0.0,
      "DRAW_1": 1.0
    },
    "8_rraa1": {
      "DRAW_0": 0.0,
      "DRAW_1": 1.0
    },
    "9_rraa0": {
      "DRAW_0": 0.0,
      "DRAW_1": 1.0
    },
    "9_rraa1": {
      "DRAW_0": 0.0,
      "DRAW_1": 1.0
    },
    "J_rraa0": {
      "DRAW_0": 0.0,
      "DRAW_1": 1.0
    },
    "J_rraa1": {
      "DRAW_0": 0.0,
      "DRAW_1": 1.0
    },
    "Q_rraa0": {
      "DRAW_0": 0.0,
      "DRAW_1": 1.0
    },
    "Q_rraa1": {
      "DRAW_0": 0.0,
      "DRAW_1": 1.0
    },
    "K_rraa0": {
      "DRAW_0": 0.0,
      "DRAW_1": 1.0
    },
    "K_rraa1": {
      "DRAW_0": 0.0,
      "DRAW_1": 1.0
    },
    "A_rraa0": {
      "DRAW_0": 0.0,
      "DRAW_1": 1.0
    },
    "A_rraa1": {
      "DRAW_0": 0.0,
      "DRAW_1": 1.0
    }
  },
  "player_2_preflop": {},
  "player_2_postflop": {}
}