{
  "metadata": {
    "stack_size": 3,
    "posted_pot_p1": 0.5,
    "posted_pot_p2": 1.0,
    "num_cards": 1,
    "num_cards_per_rank": 1,
    "termination_threshold_percentage": 1e-05
  },
  "player_1_expected_value": 0.08962151574114086,
  "player_2_expected_value": -0.08962151574114086,
  "iteration_info": {
    "iterations": [
      1,
      100,
      200,
      300,
      400,
      500,
      600,
      700,
      800,
      900,
      1000,
      2000,
      2024
    ],
    "expected_values": [
      -5.637851296924623e-18,
      0.08699905441685306,
      0.09191832624884734,
      0.09222745668724067,
      0.09026380207322476,
      0.0910322965350046,
      0.08970081126078576,
      0.08975534568644755,
      0.08922563252057727,
      0.09069373454728236,
      0.089401033221454,
      0.08993843433982089,
      0.08962151574114086
    ],
    "regrets": [
      0.003205128205128205,
      6.798100336845787e-05,
      4.023421950968335e-05,
      3.1021068527173065e-05,
      2.639475726265497e-05,
      2.2396885270005645e-05,
      1.969453381553436e-05,
      1.8679354046431866e-05,
      1.564900158151945e-05,
      1.5924241454950166e-05,
      1.3692422210583092e-05,
      9.656816836419292e-06,
      7.4732555007562615e-06
    ],
    "nash_distances": [
      0.00641025641025641,
      0.00013596200673691574,
      8.04684390193667e-05,
      6.204213705434613e-05,
      5.278951452530994e-05,
      4.479377054001129e-05,
      3.938906763106872e-05,
      3.735870809286373e-05,
      3.12980031630389e-05,
      3.184848290990033e-05,
      2.7384844421166184e-05,
      1.9313633672838583e-05,
      1.4946511001512523e-05
    ]
  },
  "player_1_preflop": {
    "A_rr": {
      "ALL_IN": 0.6487569234001281,
      "FOLD": 0.3512430765998719
    },
    "K_rr": {
      "ALL_IN": 0.6506202633008744,
      "FOLD": 0.34937973669912564
    },
    "Q_rr": {
      "ALL_IN": 0.6525160666772819,
      "FOLD": 0.3474839333227181
    },
    "J_rr": {
      "ALL_IN": 0.6544403699865468,
      "FOLD": 0.3455596300134532
    },
    "T_rr": {
      "ALL_IN": 0.6559799946426983,
      "FOLD": 0.34402000535730154
    },
    "9_rr": {
      "ALL_IN": 0.6575397012299076,
      "FOLD": 0.34246029877009243
    },
    "8_rr": {
      "ALL_IN": 0.6496943070645872,
      "FOLD": 0.3503056929354127
    },
    "7_rr": {
      "ALL_IN": 1.0,
      "FOLD": 0.0
    },
    "6_rr": {
      "ALL_IN": 1.0,
      "FOLD": 0.0
    },
    "5_rr": {
      "ALL_IN": 1.0,
      "FOLD": 0.0
    },
    "4_rr": {
      "ALL_IN": 1.0,
      "FOLD": 0.0
    },
    "3_rr": {
      "ALL_IN": 1.0,
      "FOLD": 0.0
    },
    "2_rr": {
      "ALL_IN": 1.0,
      "FOLD": 0.0
    }
  },
  "player_1_postflop": {
    "A_rraa0": {
      "DRAW_0": 0.0,
      "DRAW_1": 1.0
    },
    "A_rraa1": {
      "DRAW_0": 0.0,
      "DRAW_1": 1.0
    },
    "K_rraa0": {
      "DRAW_0": 0.0,
      "DRAW_1": 1.0
    },
    "K_rraa1": {
      "DRAW_0": 0.0,
      "DRAW_1": 1.0
    },
    "Q_rraa0": {
      "DRAW_0": 0.0,
      "DRAW_1": 1.0
    },
    "Q_rraa1": {
      "DRAW_0": 0.0,
      "DRAW_1": 1.0
    },
    "J_rraa0": {
      "DRAW_0": 0.0,
      "DRAW_1": 1.0
    },
    "J_rraa1": {
      "DRAW_0": 0.0,
      "DRAW_1": 1.0
    },
    "T_rraa0": {
      "DRAW_0": 0.0,
      "DRAW_1": 1.0
    },
    "T_rraa1": {
      "DRAW_0": 0.0,
      "DRAW_1": 1.0
    },
    "9_rraa0": {
      "DRAW_0": 0.0,
      "DRAW_1": 1.0
    },
    "9_rraa1": {
      "DRAW_0": 0.0,
      "DRAW_1": 1.0
    },
    "8_rraa0": {
      "DRAW_0": 0.0,
      "DRAW_1": 1.0
    },
    "8_rraa1": {
      "DRAW_0": 0.0,
      "DRAW_1": 1.0
    },
    "7_rraa0": {
      "DRAW_0": 0.0,
      "DRAW_1": 1.0
    },
    "7_rraa1": {
      "DRAW_0": 1.0,
      "DRAW_1": 0.0
    },
    "6_rraa0": {
      "DRAW_0": 0.0027397588820120135,
      "DRAW_1": 0.9972602411179879
    },
    "6_rraa1": {
      "DRAW_0": 1.0,
      "DRAW_1": 0.0
    },
    "5_rraa0": {
      "DRAW_0": 1.0,
      "DRAW_1": 0.0
    },
    "5_rraa1": {
      "DRAW_0": 1.0,
      "DRAW_1": 0.0
    },
    "4_rraa0": {
      "DRAW_0": 1.0,
      "DRAW_1": 0.0
    },
    "4_rraa1": {
      "DRAW_0": 1.0,
      "DRAW_1": 0.0
    },
    "3_rraa0": {
      "DRAW_0": 1.0,
      "DRAW_1": 0.0
    },
    "3_rraa1": {
      "DRAW_0": 1.0,
      "DRAW_1": 0.0
    },
    "2_rraa0": {
      "DRAW_0": 1.0,
      "DRAW_1": 0.0
    },
    "2_rraa1": {
      "DRAW_0": 1.0,
      "DRAW_1": 0.0
    }
  },
  "player_2_preflop": {
    "A_rra": {
      "ALL_IN": 0.5309969267509848,
      "FOLD": 0.4690030732490153
    },
    "K_rra": {
      "ALL_IN": 0.5301463238009378,
      "FOLD": 0.46985367619906215
    },
    "Q_rra": {
      "ALL_IN": 0.5292779886472256,
      "FOLD": 0.4707220113527743
    },
    "J_rra": {
      "ALL_IN": 0.5284150821446965,
      "FOLD": 0.47158491785530354
    },
    "T_rra": {
      "ALL_IN": 0.5278130720200926,
      "FOLD": 0.4721869279799074
    },
    "9_rra": {
      "ALL_IN": 0.5274067347917831,
      "FOLD": 0.4725932652082168
    },
    "8_rra": {
      "ALL_IN": 0.530828784814055,
      "FOLD": 0.469171215185945
    },
    "7_rra": {
      "ALL_IN": 0.27957576413304713,
      "FOLD": 0.7204242358669529
    },
    "6_rra": {
      "ALL_IN": 1.0,
      "FOLD": 0.0
    },
    "5_rra": {
      "ALL_IN": 1.0,
      "FOLD": 0.0
    },
    "4_rra": {
      "ALL_IN": 1.0,
      "FOLD": 0.0
    },
    "3_rra": {
      "ALL_IN": 1.0,
      "FOLD": 0.0
    },
    "2_rra": {
      "ALL_IN": 1.0,
      "FOLD": 0.0
    }
  },
  "player_2_postflop": {
    "A_rraa": {
      "DRAW_0": 0.0,
      "DRAW_1": 1.0
    },
    "K_rraa": {
      "DRAW_0": 0.0,
      "DRAW_1": 1.0
    },
    "Q_rraa": {
      "DRAW_0": 0.0,
      "DRAW_1": 1.0
    },
    "J_rraa": {
      "DRAW_0": 0.0,
      "DRAW_1": 1.0
    },
    "T_rraa": {
      "DRAW_0": 0.0,
      "DRAW_1": 1.0
    },
    "9_rraa": {
      "DRAW_0": 0.0,
      "DRAW_1": 1.0
    },
    "8_rraa": {
      "DRAW_0": 0.0,
      "DRAW_1": 1.0
    },
    "7_rraa": {
      "DRAW_0": 0.004576817350749487,
      "DRAW_1": 0.9954231826492506
    },
    "6_rraa": {
      "DRAW_0": 1.0,
      "DRAW_1": 0.0
    },
    "5_rraa": {
      "DRAW_0": 1.0,
      "DRAW_1": 0.0
    },
    "4_rraa": {
      "DRAW_0": 1.0,
      "DRAW_1": 0.0
    },
    "3_rraa": {
      "DRAW_0": 1.0,
      "DRAW_1": 0.0
    },
    "2_rraa": {
      "DRAW_0": 1.0,
      "DRAW_1": 0.0
    }
  }
}